{
	"군포시":[
		1.2692113777199852e2,
		3.734348471481773e1
	],
	"구리시":[
		1.2713123014203327e2,
		3.759922783722587e1
	],
	"양평군":[
		1.2757919461579304e2,
		3.751803656472296e1
	],
	"고양시":[
		1.2687865009090375e2,
		3.765582166810483e1
	],
	"오산시":[
		1.2705132357075928e2,
		3.7163293258219326e1
	],
	"하남시":[
		1.272059439945137e2,
		3.7522820103953464e1
	],
	"시흥시":[
		1.2678841495359386e2,
		3.738940672756973e1
	],
	"의왕시":[
		1.2698964174813631e2,
		3.736239655406005e1
	],
	"안양시":[
		1.2695550219283552e2,
		3.740039522161647e1
	],
	"여주시":[
		1.2761567307883887e2,
		3.7302504971738315e1
	],
	"안성시":[
		1.2730276069056596e2,
		3.703502502176977e1
	],
	"성남시":[
		1.271060660807484e2,
		3.737930072978715e1
	],
	"안산시":[
		1.2658725322894894e2,
		3.7238774039548424e1
	],
	"용인시":[
		1.272529066452768e2,
		3.72033699858156e1
	],
	"남양주시":[
		1.27243644430298e2,
		3.7662556852121355e1
	],
	"김포시":[
		1.266264238591278e2,
		3.768182739054528e1
	],
	"수원시":[
		1.269797352226401e2,
		3.726053094805645e1
	],
	"부천시":[
		1.267887093753764e2,
		3.750426289510494e1
	],
	"과천시":[
		1.2700268022981128e2,
		3.74338461228851e1
	],
	"의정부시":[
		1.2706842774476469e2,
		3.773619292635752e1
	],
	"이천시":[
		1.2748093133595536e2,
		3.72098300971385e1
	],
	"평택시":[
		1.2698775221026972e2,
		3.70118375970061e1
	],
	"연천군":[
		1.2702406086141914e2,
		3.808942078345597e1
	],
	"가평군":[
		1.2745019198125071e2,
		3.781856681148935e1
	],
	"광명시":[
		1.2686469948131774e2,
		3.744516418420672e1
	],
	"동두천시":[
		1.2707790342193893e2,
		3.791654298258147e1
	],
	"양주시":[
		1.2700115517424796e2,
		3.780869565500783e1
	],
	"포천시":[
		1.2725042364001183e2,
		3.7969892309777194e1
	],
	"화성시":[
		1.2687625671140307e2,
		3.716505189587721e1
	],
	"파주시":[
		1.268108036912447e2,
		3.785624554171635e1
	],
	"광주시":[
		1.2730117209901668e2,
		3.740312000421676e1
	]
}