{
	"서울":[
		1.2697413944268415e2,
		3.756487638055266e1
	],
	"부산":[
		1.2904963550884963e2,
		3.521118490154362e1
	],
	"대구":[
		1.285570841934224e2,
		3.581135250652421e1
	],
	"인천":[
		1.2668837196634433e2,
		3.749064753529527e1
	],
	"광주":[
		1.2683348903475168e2,
		3.515479970137254e1
	],
	"대전":[
		1.2740316599388831e2,
		3.634166536667041e1
	],
	"울산":[
		1.2921752384385877e2,
		3.552712304432592e1
	],
	"세종":[
		1.272692667464255e2,
		3.657029013893515e1
	],
	"경기":[
		1.2738258150341223e2,
		3.736805938502407e1
	],
	"강원":[
		1.2822940953050954e2,
		3.781061071840928e1
	],
	"충북":[
		1.2776387361628282e2,
		3.6835270557608226e1
	],
	"충남":[
		1.2687604107061138e2,
		3.652150889245613e1
	],
	"전북":[
		1.2717029364035973e2,
		3.5727901515086316e1
	],
	"전남":[
		1.2690972879211125e2,
		3.4889912681582615e1
	],
	"경북":[
		1.2868969831341877e2,
		3.635685888563242e1
	],
	"경남":[
		1.283975713700114e2,
		3.536955432388865e1
	],
	"제주":[
		1.2655354275109586e2,
		3.3380571972952424e1
	]
}