{
	"강남구":[
		1.2706297492207814e2,
		3.749664584331099e1
	],
	"강동구":[
		1.2714701460066253e2,
		3.7550451354922345e1
	],
	"강북구":[
		1.270111848425882e2,
		3.764347731697336e1
	],
	"강서구":[
		1.2682280363898946e2,
		3.756123594345277e1
	],
	"관악구":[
		1.2694533551338317e2,
		3.746737655645803e1
	],
	"광진구":[
		1.2708574576556586e2,
		3.7546721655808355e1
	],
	"구로구":[
		1.2685630207696508e2,
		3.74944041226367e1
	],
	"금천구":[
		1.2690081766864031e2,
		3.746056912226145e1
	],
	"노원구":[
		1.2707503364822642e2,
		3.765251632785272e1
	],
	"도봉구":[
		1.2703236699510981e2,
		3.766910527747522e1
	],
	"동대문구":[
		1.2705484821363488e2,
		3.7581957251862995e1
	],
	"동작구":[
		1.269516401799327e2,
		3.749887635467521e1
	],
	"마포구":[
		1.2690826402108746e2,
		3.755931221862699e1
	],
	"서대문구":[
		1.269390632323609e2,
		3.757778645452385e1
	],
	"서초구":[
		1.2703120840425912e2,
		3.7473297930735356e1
	],
	"성동구":[
		1.2704105879193813e2,
		3.755103004215622e1
	],
	"성북구":[
		1.270175783357907e2,
		3.760570143314092e1
	],
	"송파구":[
		1.271152910747863e2,
		3.750562075558691e1
	],
	"양천구":[
		1.2685547920730266e2,
		3.7524789641686446e1
	],
	"영등포구":[
		1.2691016941323556e2,
		3.7522309844942924e1
	],
	"용산구":[
		1.2697990762824973e2,
		3.7531385557244406e1
	],
	"은평구":[
		1.269270283285365e2,
		3.761921535144788e1
	],
	"종로구":[
		1.2697731707123559e2,
		3.759492045163888e1
	],
	"중구":[
		1.2699596829343007e2,
		3.756014287123849e1
	],
	"중랑구":[
		1.2709288394086933e2,
		3.759781901855401e1
	]
}